{
  "40ea6a26109bfd9e74e2c78f56bebcce4577ffc6.jpg": {
    "title": "Data spectrum without top",
    "description": "Data spectrum without top",
    "source": "http://theodi.org/data-spectrum",
    "licence": "CC-BY-SA",
    "attribution": "The Open Data Institute",
    "tags": [
      {
        "title": "Data",
        "_id": "584804154d7b7e82691e4ba7"
      },
      {
        "title": "spectrum",
        "_id": "58c1864ed084d5167a04af7d"
      }
    ]
  },
  "80b804f05b219a758f22b498158f901b5a638a94.png": {
    "title": "The Open Data Spectrum",
    "description": "The Open Data Spectrum (learning edition)",
    "source": "http://theodi.org",
    "licence": "CC-BY-SA",
    "attribution": "The Open Data Institute",
    "tags": []
  },
  "af356f5b46bf507575f4024a5110b457494c53da.jpg": {
    "title": "costs of storage and global data availability 2.jpg",
    "description": "",
    "source": "Reisnl, Gantz, Rydning",
    "licence": "CC0",
    "attribution": "Reisnl, Gantz, Rydning, Klein",
    "tags": []
  },
  "5a53d3c84af3b8db22d751cf19ada32de81b723b.jpg": {
    "title": "adult-cellphone-communication-1080858.jpg",
    "description": "",
    "source": "",
    "licence": "CC-BY-SA",
    "attribution": "pexels",
    "tags": []
  },
  "0046371e600da47ea29e4084115c22e8d2ab92de.png": {
    "title": "Data ethics canvas.png",
    "description": "data ethics canvas",
    "source": "",
    "licence": "CC-BY-SA",
    "attribution": "ODI",
    "tags": []
  },
  "51dcff30c0aa77b883207b892192d37b09103748.jpeg": {
    "title": "Learning on a phone.jpeg",
    "description": "",
    "source": "Rawpixel on Pixabay",
    "licence": "CC-BY",
    "attribution": "",
    "tags": []
  },
  "9c08724f0ecc9cf526f29509c830c81414df59c7.png": {
    "title": "code of ethics.png",
    "description": "",
    "source": "",
    "licence": "CC-BY-SA",
    "attribution": "wikipedia",
    "tags": []
  },
  "1c3f329f20c68f00ad0539906d0fa78d1a83b6ef.jpg": {
    "title": "stats practice.jpg",
    "description": "",
    "source": "",
    "licence": "CC0",
    "attribution": "Pixabay",
    "tags": []
  },
  "5714404bfd17cad06fed3fcc2241329a0b2fc792.png": {
    "title": "genetic-testing-2316642_640.png",
    "description": "",
    "source": "",
    "licence": "CC0",
    "attribution": "Pixabay",
    "tags": []
  },
  "1f8c7e3d597436c3d216fa07ecf04d3f5da7ce21.jpg": {
    "title": "sea-ship-vehicle-cargo-ship-ferry-cargo-917877-pxhere.com.jpg",
    "description": "",
    "source": "",
    "licence": "CC0",
    "attribution": "PXhere",
    "tags": []
  },
  "f177adf0efd658921f1a01f85748e806c8a9d82a.jpg": {
    "title": "analysis-banking-business-1451448.jpg",
    "description": "",
    "source": "",
    "licence": "CC0",
    "attribution": "Pexels",
    "tags": []
  },
  "ac4369f66eb6ace3db34f71647aa42e77bc4e83b.png": {
    "title": "data ethics icon.png",
    "description": "",
    "source": "",
    "licence": "",
    "attribution": "Pixabay",
    "tags": []
  },
  "23cd95335b7d50cbb539e196dc5df4543ddba989.png": {
    "title": "Lloyd's PPL Global",
    "description": "Lloyd's PPL Global",
    "source": "https://tomsupports.london/placing-platform-limited",
    "licence": "All rights reserved",
    "attribution": "London Market Group",
    "tags": []
  },
  "ad76b307b95614fe4787e34ed2eeefd4c4c7e8e4.png": {
    "title": "Lloyd's files",
    "description": "Lloyd's files",
    "source": "https://tomsupports.london/placing-platform-limited",
    "licence": "All rights reserved",
    "attribution": "London Market Group",
    "tags": []
  },
  "6d4b41794aea1a80d14783b0076bc75380ea4c83.png": {
    "title": "Lloyd's process desk",
    "description": "Lloyd's process desk",
    "source": "https://tomsupports.london/placing-platform-limited",
    "licence": "All rights reserved",
    "attribution": "London Market Group",
    "tags": []
  },
  "df64c89bf8710076af40345fe9adadde44585b9b.png": {
    "title": "Lloyd's PPL circle",
    "description": "Lloyd's PPL circle",
    "source": "https://tomsupports.london/placing-platform-limited",
    "licence": "All rights reserved",
    "attribution": "London Market Group",
    "tags": []
  },
  "469b24274a5ae4bbee6dd0806dd9640e3dbfbde3.jpg": {
    "title": " Businessman hand stop dominoes continuous toppled or risk",
    "description": "Businessman hand stop dominoes continuous toppled or risk",
    "source": "https://www.freepik.com/free-photo/businessman-hand-stop-dominoes-continuous-toppled-or-risk-with-copyspace_1202140.htm#term=change&page=1&position=9",
    "licence": "CC-BY",
    "attribution": "snowing / Freepik",
    "tags": []
  },
  "b43dbd109cd4cf914faeecdf5f3ee5af207b949c.jpg": {
    "title": "Toolbox tools",
    "description": "Toolbox tools",
    "source": "https://www.freepik.com/free-vector/carpenter-s-tools-with-isometric-style_1322632.htm",
    "licence": "CC-BY",
    "attribution": "Freepik",
    "tags": []
  },
  "8484d3a867d4fa223258505d279b542c4c0b82aa.png": {
    "title": "ODI wasteland",
    "description": "ODI wasteland theory of change",
    "source": "https://theodi.org",
    "licence": "CC-BY-SA",
    "attribution": "The Open Data Institute",
    "tags": []
  }
}